Daily Time Spent on Site,Age,Area Income,Daily Internet Usage,Ad Topic Line,City,Male,Country,Timestamp,Clicked on Ad
66.0,48,24593.33,131.76,Reactive local challenge,Port Jefferybury,1,Australia,2016-07-03 01:40:00,1
47.64,49,45632.51,122.02,Centralized neutral neural-net,West Brandonton,0,Qatar,2016-03-16 20:19:00,1
69.57,48,51636.92,113.12,Centralized content-based focus group,West Katiefurt,1,Egypt,2016-03-06 01:14:00,1
42.95,33,30976.0,143.56,Grass-roots coherent extranet,West William,0,Barbados,2016-03-24 09:31:00,1
63.45,23,52182.23,140.64,Persistent demand-driven interface,New Travistown,1,Spain,2016-09-03 03:41:00,1
55.39,37,23936.86,129.41,Customizable multi-tasking website,West Dylanberg,0,Palestinian Territory,2016-01-30 19:20:00,1
54.7,36,31087.54,118.39,Grass-roots solution-oriented conglomeration,Jessicastad,1,British Indian Ocean Territory (Chagos Archipelago),2016-02-13 07:53:00,1
74.58,40,23821.72,135.51,Advanced 24/7 productivity,Millertown,1,Russian Federation,2016-02-27 04:43:00,1
41.49,52,32635.7,164.83,Mandatory disintermediate utilization,South John,0,Burundi,2016-05-20 08:49:00,1
41.39,41,68962.32,167.22,Exclusive neutral parallelism,Harperborough,0,Tokelau,2016-06-13 17:27:00,1
48.53,28,38067.08,134.14,Ameliorated client-driven forecast,West Jeremyside,1,Tuvalu,2016-08-02 10:46:00,1
51.95,52,58295.82,129.23,Monitored systematic hierarchy,South Cathyfurt,0,Greece,2016-07-19 08:32:00,1
70.2,34,32708.94,119.2,Open-architected impactful productivity,Palmerside,0,British Virgin Islands,2016-04-14 05:08:00,1
59.05,57,25583.29,169.23,Digitized global capability,North Richardburgh,1,Maldives,2016-07-15 05:05:00,1
55.6,23,30227.98,212.58,Multi-layered 4thgeneration knowledge user,Port Cassie,0,Senegal,2016-01-14 14:00:00,1
57.64,57,45580.92,133.81,Synchronized dedicated service-desk,New Thomas,1,Dominica,2016-03-15 03:12:00,1
62.26,53,56770.79,125.45,Profound stable product,West Aprilport,1,Montenegro,2016-07-04 15:18:00,1
50.43,46,57425.87,119.32,Persevering needs-based open architecture,Charlesport,1,Saint Helena,2016-07-05 17:11:00,1
38.93,39,27508.41,162.08,Intuitive exuding service-desk,Millerchester,0,Liberia,2016-11-03 06:49:00,1
37.68,52,53575.48,172.83,Organic leadingedge secured line,Lake Cassandraport,1,Turkmenistan,2016-02-17 13:16:00,1
44.33,37,52723.34,123.72,Visionary maximized process improvement,Hamiltonfort,1,Trinidad and Tobago,2016-08-01 09:32:00,1
48.01,46,54286.1,119.93,Centralized 24/7 installation,West Christopher,0,Italy,2016-04-25 11:01:00,1
33.33,45,53350.11,193.58,Pre-emptive value-added workforce,East Samanthashire,1,Guinea-Bissau,2016-01-17 09:31:00,1
50.33,50,62657.53,133.2,Sharable analyzing alliance,South Lauraton,1,Micronesia,2016-02-03 04:57:00,1
62.31,47,62722.57,119.3,Team-oriented encompassing portal,Amandahaven,0,Turkey,2016-02-14 07:36:00,1
65.19,36,75254.88,150.61,Cross-group regional website,Garciaside,0,Israel,2016-02-17 11:42:00,1
44.98,49,52336.64,129.31,Organized global model,Port Sarahshire,0,Svalbard & Jan Mayen Islands,2016-10-04 00:13:00,1
41.82,41,24852.9,156.36,Phased transitional instruction set,Brendachester,0,Iran,2016-05-26 22:49:00,1
45.96,45,66281.46,141.22,Streamlined cohesive conglomeration,Robertfurt,0,Christmas Island,2016-03-06 00:55:00,1
63.89,40,51317.33,105.22,Synchronized user-facing core,Jensenborough,0,Rwanda,2016-08-01 00:17:00,1
35.33,32,51510.18,200.22,Organized client-driven alliance,Bradleyburgh,0,Turks and Caicos Islands,2016-05-06 22:11:00,1
78.53,34,32536.98,131.72,Synergized multimedia emulation,North Regina,0,Norfolk Island,2016-04-22 20:10:00,1
46.13,31,60248.97,139.01,Customer-focused optimizing moderator,Davidmouth,0,Bouvet Island (Bouvetoya),2016-01-02 09:00:00,1
55.35,39,75509.61,153.17,De-engineered object-oriented protocol,East Tammie,1,Cook Islands,2016-08-03 00:37:00,1
33.21,43,42650.32,167.07,Polarized clear-thinking budgetary management,Wilcoxport,1,Turkey,2016-10-05 17:39:00,1
38.46,42,58183.04,145.98,Customizable 6thgeneration knowledge user,East Michaelmouth,1,Guatemala,2016-06-04 11:24:00,1
49.81,35,57009.76,120.06,Seamless real-time array,Ramirezhaven,1,Faroe Islands,2016-05-01 04:18:00,1
56.14,38,32689.04,113.53,Devolved tangible approach,Lake Edward,1,Ireland,2016-03-02 07:59:00,1
55.13,45,55605.92,111.71,Customizable executive software,Lake Conniefurt,0,Ukraine,2016-02-17 21:55:00,1
56.64,38,61652.53,115.91,Down-sized uniform info-mediaries,Lake Christopherfurt,0,Montserrat,2016-05-01 17:56:00,1
68.94,54,30726.26,138.71,Streamlined next generation implementation,East Tylershire,0,Timor-Leste,2016-04-19 07:34:00,1
57.76,41,47861.93,105.15,Triple-buffered scalable groupware,Lake Dustin,0,Puerto Rico,2016-12-06 15:25:00,1
52.7,34,58543.94,118.6,Integrated human-resource encoding,Grahamberg,1,Venezuela,2016-08-05 12:12:00,1
57.7,34,42696.67,109.07,Phased dynamic customer loyalty,New Tina,0,Australia,2016-03-14 23:13:00,1
56.89,37,37334.78,109.29,Open-source coherent policy,Nelsonfurt,1,Wallis and Futuna,2016-05-25 00:19:00,1
69.9,43,71392.53,138.35,Down-sized modular intranet,Christopherport,0,Jersey,2016-05-13 11:51:00,1
55.79,24,59550.05,149.67,Pre-emptive content-based focus group,Port Sarahhaven,0,Puerto Rico,2016-02-20 20:47:00,1
50.08,40,64147.86,125.85,Ergonomic full-range time-frame,Whiteport,1,Greece,2016-10-04 02:02:00,1
43.67,31,25686.34,166.29,Automated directional function,New Theresa,1,Antarctica (the territory South of 60 deg S),2016-02-28 06:41:00,1
45.72,36,22473.08,154.02,Versatile homogeneous capacity,Williammouth,1,Hong Kong,2016-04-19 15:14:00,1
39.94,41,64927.19,156.3,Function-based optimizing protocol,Williamsborough,0,Lithuania,2016-08-01 22:47:00,1
35.61,46,51868.85,158.22,Up-sized secondary software,North Michael,0,Egypt,2016-03-28 08:46:00,1
41.49,53,31947.65,169.18,Persevering reciprocal firmware,Hernandezville,0,Western Sahara,2016-03-07 09:22:00,1
42.39,42,66541.05,150.99,De-engineered mobile infrastructure,Erinton,0,Christmas Island,2016-04-28 05:50:00,1
47.53,30,33258.09,135.18,Customer-focused upward-trending contingency,Hughesport,0,Guinea,2016-03-04 05:10:00,1
66.63,60,60333.38,176.98,User-friendly upward-trending intranet,New Lucasburgh,0,Madagascar,2016-01-16 23:37:00,1
63.24,53,65229.13,235.78,Future-proofed holistic superstructure,Michelleside,1,Lebanon,2016-03-07 04:33:00,1
46.13,46,37838.72,123.64,Horizontal hybrid challenge,New Rachel,1,Guyana,2016-09-01 05:44:00,1
72.6,55,66815.54,162.95,Focused intangible moderator,Port Christopherborough,0,United Arab Emirates,2016-07-13 16:12:00,1
61.88,42,60223.52,112.19,Balanced actuating moderator,Phillipsbury,1,Martinique,2016-07-23 11:46:00,1
84.45,50,29727.79,207.18,Customer-focused transitional strategy,Millerside,0,Somalia,2016-07-13 04:10:00,1
88.97,45,49269.98,152.49,Advanced web-enabled standardization,Lake Jessica,0,Bhutan,2016-11-06 18:32:00,1
37.75,36,35466.8,225.24,Polarized dynamic throughput,South Daniel,0,Uzbekistan,2016-02-26 19:48:00,1
62.33,43,68787.09,127.11,Devolved zero administration intranet,Suzannetown,0,South Africa,2016-06-21 13:15:00,1
80.31,44,56366.88,127.07,Cross-platform regional task-force,Brianfurt,0,Hungary,2016-04-18 15:54:00,1
46.98,50,21644.91,175.37,Down-sized well-modulated archive,East Michelleberg,0,Lithuania,2016-04-05 09:00:00,1
41.67,36,53817.02,132.55,Realigned zero tolerance emulation,Port Eric,0,Saint Martin,2016-06-13 18:50:00,1
51.24,36,76368.31,176.73,Versatile transitional monitoring,Timothyfurt,0,Cuba,2016-03-01 16:01:00,1
43.49,47,50335.46,127.83,User-centric intangible task-force,Guzmanland,0,Belize,2016-12-01 10:07:00,1
49.89,39,17709.98,160.03,Enhanced system-worthy application,East Michele,1,Belize,2016-04-16 12:09:00,1
38.37,36,41229.16,140.46,Multi-layered user-facing paradigm,East John,0,Antarctica (the territory South of 60 deg S),2016-05-13 06:09:00,1
38.52,38,42581.23,137.28,Customer-focused 24/7 concept,Lesliebury,1,Saint Vincent and the Grenadines,2016-03-27 23:59:00,1
37.51,30,52097.32,163.0,Re-contextualized optimal service-desk,Debraburgh,1,Holy See (Vatican City State),2016-03-21 18:46:00,1
55.6,44,65953.76,124.38,Fully-configurable neutral open system,New Debbiestad,1,Korea,2016-06-14 11:59:00,1
37.47,44,45716.48,141.89,Realigned content-based leverage,Port Lawrence,1,Czech Republic,2016-01-26 03:56:00,1
56.04,49,65120.86,128.95,Decentralized real-time circuit,West Ricardo,1,Netherlands,2016-07-02 08:02:00,1
70.92,41,49995.63,108.16,Polarized modular function,Lake Jose,1,Belarus,2016-05-05 07:58:00,1
49.78,46,71718.51,152.24,Enterprise-wide client-driven contingency,Heatherberg,0,Dominica,2016-06-29 02:43:00,1
68.61,57,61770.34,150.29,Diverse modular interface,South George,0,South Africa,2016-10-04 19:48:00,1
37.0,48,36782.38,158.22,Function-based context-sensitive secured line,Jonathantown,1,Kenya,2016-03-24 06:36:00,1
44.64,36,55787.58,127.01,Up-sized incremental encryption,Codyburgh,0,Belize,2016-02-14 06:51:00,1
41.73,28,61142.33,202.18,Sharable dedicated Graphic Interface,Port Erikhaven,1,Cuba,2016-07-01 19:16:00,1
75.55,36,73234.87,159.24,Managed grid-enabled standardization,Ramirezside,0,Liechtenstein,2016-09-05 02:58:00,1
41.28,50,50960.08,140.39,Universal 24/7 implementation,East Rachelview,0,Equatorial Guinea,2016-01-29 03:54:00,1
34.66,32,48246.6,194.83,Customer-focused multi-tasking Internet solution,Curtisport,0,Mongolia,2016-07-14 12:07:00,1
66.18,55,28271.84,143.42,Vision-oriented contextually-based extranet,Frankbury,0,Svalbard & Jan Mayen Islands,2016-10-01 23:14:00,1
59.59,42,43662.1,104.78,Re-engineered demand-driven capacity,Samanthaland,1,Brazil,2016-06-07 18:36:00,1
43.77,52,49030.03,138.55,Synergized hybrid time-frame,Kyleborough,1,Portugal,2016-01-25 07:39:00,1
63.36,48,70053.27,137.43,Centralized tertiary pricing structure,East Eric,0,Guinea,2016-06-23 01:22:00,1
60.72,44,42995.8,105.69,Synergized context-sensitive database,Jacobstad,0,Kuwait,2016-02-28 18:52:00,1
44.57,31,38349.78,133.17,Adaptive context-sensitive application,Joneston,1,China,2016-03-27 09:11:00,1
39.85,38,31343.39,145.96,Profit-focused dedicated utilization,East Stephen,0,Vietnam,2016-03-01 03:22:00,1
84.53,27,40763.13,168.34,Stand-alone tangible moderator,Turnerchester,0,Guatemala,2016-04-01 21:48:00,1
62.95,60,36752.24,157.04,Polarized tangible collaboration,Youngfort,0,Peru,2016-05-24 13:30:00,1
46.88,54,43444.86,136.64,Virtual scalable secured line,Port Melissaberg,0,Singapore,2016-04-02 08:53:00,1
46.31,57,44248.52,153.98,Front-line fault-tolerant intranet,Bernardton,1,Jamaica,2016-03-24 13:37:00,1
84.73,30,39840.55,153.76,Synchronized leadingedge help-desk,Aliciatown,0,Canada,2016-02-21 07:42:00,1
39.86,36,32593.59,145.85,Total 5thgeneration standardization,Josephstad,0,Algeria,2016-06-26 17:16:00,1
50.08,30,41629.86,123.91,Sharable grid-enabled matrix,West Ericfurt,0,Fiji,2016-03-01 05:34:00,1
60.23,35,43313.73,106.86,Balanced asynchronous hierarchy,New Brendafurt,0,Kenya,2016-08-03 18:00:00,1
60.7,49,42993.48,110.57,Monitored object-oriented Graphic Interface,Port Julie,1,Argentina,2016-06-19 03:19:00,1
43.67,53,46004.31,143.79,Cloned analyzing artificial intelligence,South Tiffanyton,1,Bouvet Island (Bouvetoya),2016-07-21 21:16:00,1
71.86,32,51633.34,116.53,Face-to-face even-keeled website,Kentmouth,0,Senegal,2016-05-17 06:14:00,1
44.78,45,63363.04,137.24,Extended context-sensitive monitoring,West Casey,1,Suriname,2016-09-07 11:04:00,1
35.65,40,31265.75,172.58,Seamless intangible secured line,North Johntown,1,Georgia,2016-10-05 07:22:00,1
58.22,29,37345.24,120.9,User-friendly client-server instruction set,North Russellborough,0,South Africa,2016-11-02 02:40:00,1
59.51,58,39132.64,140.83,Assimilated fault-tolerant hub,Penatown,0,Australia,2016-06-16 02:01:00,1
40.15,38,38745.29,134.88,Exclusive disintermediate task-force,Joechester,1,Sao Tome and Principe,2016-06-27 18:37:00,1
41.89,38,68519.96,163.38,Compatible systemic function,Hartmanchester,0,Cyprus,2016-03-02 04:21:00,1
67.28,43,76246.96,155.8,Future-proofed coherent hardware,North Mercedes,1,Pakistan,2016-03-04 21:13:00,1
66.01,23,34127.21,151.95,Front-line tangible alliance,Hansenmouth,0,Samoa,2016-06-21 03:14:00,1
61.57,53,35253.98,125.94,Progressive 24hour forecast,Bradyfurt,1,Bulgaria,2016-03-14 14:13:00,1
53.3,34,44893.71,111.94,Self-enabling optimal initiative,West Jessicahaven,0,Mauritania,2016-06-05 21:07:00,1
34.87,40,59621.02,200.23,Configurable logistical Graphical User Interface,Davilachester,0,Czech Republic,2016-12-06 17:52:00,1
43.6,38,20856.54,170.49,Virtual bandwidth-monitored initiative,North Ricardotown,0,Chile,2016-11-01 07:36:00,1
49.95,39,68737.75,136.59,Cloned object-oriented benchmark,Millerbury,0,Turkmenistan,2016-03-24 09:12:00,1
60.94,41,76893.84,154.97,Fundamental fault-tolerant neural-net,Garciaview,0,Latvia,2016-02-14 07:30:00,1
78.7,30,53441.69,133.99,Compatible intangible customer loyalty,Williamstad,0,Turkey,2016-10-02 19:20:00,1
57.35,29,41356.31,119.84,Distributed 3rdgeneration definition,West Connor,0,Kazakhstan,2016-04-23 14:34:00,1
34.86,38,49942.66,154.75,Pre-emptive cohesive budgetary management,West Justin,0,Bahrain,2016-06-18 17:56:00,1
46.77,32,31092.93,136.4,Multi-tiered maximized archive,Reneechester,1,Serbia,2016-03-23 06:00:00,1
62.42,38,74445.18,143.94,Diverse executive groupware,West Tinashire,0,Saint Pierre and Miquelon,2016-07-19 07:59:00,1
78.32,28,49309.14,239.52,Synergized cohesive array,Jamesfurt,0,Australia,2016-06-26 11:52:00,1
37.32,50,56735.14,199.25,Versatile dedicated software,New Nancy,1,Chad,2016-03-30 23:40:00,1
40.42,45,40183.75,133.9,Stand-alone reciprocal synergy,Lisamouth,1,Norway,2016-03-16 07:59:00,1
76.77,36,58348.41,123.51,Universal even-keeled analyzer,Harveyport,0,Turks and Caicos Islands,2016-04-05 00:01:00,1
74.32,33,62060.11,128.17,Monitored real-time superstructure,North Kevinside,0,South Africa,2016-05-23 21:14:00,1
80.03,44,24030.06,150.84,Automated static concept,Christinetown,0,Afghanistan,2016-07-23 14:47:00,1
53.68,47,56180.93,115.26,Operative stable moderator,New Michael,1,Micronesia,2016-02-16 09:11:00,1
39.96,45,59610.81,146.13,Enhanced homogeneous moderator,East Barbara,1,Guernsey,2016-04-15 06:08:00,1
57.05,41,50278.89,269.96,Seamless full-range website,Port Erinberg,1,Sierra Leone,2016-09-01 03:45:00,1
42.44,56,43450.11,168.27,Profit-focused attitude-oriented task-force,Petersonfurt,0,Tajikistan,2016-10-02 15:23:00,1
62.2,25,25408.21,161.16,Cross-platform multimedia algorithm,New Lindaberg,0,Liechtenstein,2016-04-24 13:42:00,1
61.22,45,63883.81,119.03,Streamlined logistical secured line,South Adam,1,Switzerland,2016-05-01 09:42:00,1
46.08,30,66784.81,164.63,Synergistic value-added extranet,Brownport,1,Finland,2016-07-21 10:54:00,1
56.7,48,62784.85,123.13,Progressive non-volatile neural-net,Port Crystal,0,France,2016-09-01 04:53:00,1
40.06,38,56782.18,138.68,Organized contextually-based customer loyalty,Olsonstad,1,Peru,2016-11-06 08:38:00,1
73.84,31,42042.95,121.05,Programmable uniform productivity,South Jasminebury,0,Albania,2016-06-18 17:23:00,1
60.25,35,54875.95,109.77,De-engineered fault-tolerant database,Charlottefort,0,Papua New Guinea,2016-06-29 13:35:00,1
59.21,35,73347.67,144.62,Managed disintermediate matrices,Lake Beckyburgh,1,Liechtenstein,2016-02-02 08:55:00,1
43.02,44,50199.77,125.22,Configurable bottom-line application,West Lindseybury,0,Thailand,2016-04-13 05:42:00,1
70.66,43,63450.96,120.95,Versatile scalable encryption,Lake Craigview,1,Mauritius,2016-02-26 04:57:00,1
70.58,26,56694.12,136.94,Proactive next generation knowledge user,Lake David,0,Algeria,2016-02-26 09:18:00,1
40.17,26,47391.95,171.31,Visionary asymmetric encryption,South Lauratown,1,Japan,2016-01-02 14:37:00,1
44.49,53,63100.13,168.0,Business-focused real-time toolset,Jacksonburgh,1,Sao Tome and Principe,2016-04-23 06:28:00,1
47.66,29,27086.4,156.54,Devolved responsive structure,Tinaton,0,Honduras,2016-07-18 11:33:00,1
46.37,52,32847.53,144.27,De-engineered solution-oriented open architecture,Alexanderfurt,0,French Guiana,2016-05-01 00:02:00,1
54.88,24,32006.82,148.61,Customizable modular Internet solution,West Pamela,0,Northern Mariana Islands,2016-05-15 01:03:00,1
40.67,35,48913.07,133.18,Stand-alone encompassing throughput,West Amanda,0,Lebanon,2016-05-05 09:28:00,1
47.51,51,53700.57,130.41,Managed well-modulated collaboration,Bethburgh,1,American Samoa,2016-05-21 01:36:00,1
56.01,26,46339.25,127.26,Re-engineered real-time success,Garciamouth,0,Tonga,2016-05-07 18:59:00,1
45.05,42,66348.95,141.36,Digitized contextually-based product,South Kyle,0,French Southern Territories,2016-05-05 11:09:00,1
60.53,24,66873.9,167.22,Organic interactive support,Combsstad,0,Serbia,2016-03-25 15:17:00,1
50.52,31,72270.88,171.62,Function-based stable alliance,Lake Allenville,0,New Caledonia,2016-01-23 15:02:00,1
55.2,39,76560.59,159.46,Exclusive zero tolerance alliance,Jordantown,1,United States of America,2016-05-30 07:36:00,1
52.62,50,73863.25,176.52,Enterprise-wide foreground emulation,Port Juan,0,Seychelles,2016-01-02 20:30:00,1
39.25,39,62378.05,152.36,Customer-focused incremental system engine,Michellefort,0,Mayotte,2016-01-23 17:39:00,1
77.56,38,63336.85,130.83,Right-sized multi-tasking solution,Port Angelamouth,1,Uganda,2016-05-19 03:52:00,1
33.52,43,42191.61,165.56,Vision-oriented optimizing middleware,Jessicahaven,0,Cambodia,2016-09-05 21:54:00,1
79.81,24,56194.56,178.85,Proactive context-sensitive project,North Daniel,1,Antigua and Barbuda,2016-05-31 11:44:00,1
54.92,54,23975.35,161.16,Extended interactive model,Roberttown,0,Saint Pierre and Miquelon,2016-06-13 13:59:00,1
75.55,22,41851.38,169.4,Upgradable even-keeled challenge,New Amanda,0,Taiwan,2016-02-19 07:29:00,1
73.89,39,47160.53,110.68,Horizontal national architecture,North April,0,France,2016-04-20 00:41:00,1
62.06,44,44174.25,105.0,Adaptive contextually-based methodology,Port Paultown,0,Austria,2016-12-04 14:01:00,1
51.5,34,67050.16,135.31,Configurable dynamic adapter,East Vincentstad,0,Zambia,2016-03-15 11:25:00,1
36.87,36,29398.61,195.91,Self-enabling incremental collaboration,New Rebecca,0,Anguilla,2016-01-28 11:50:00,1
34.78,48,42861.42,208.21,Exclusive even-keeled moratorium,Jeffreyburgh,1,South Africa,2016-03-24 02:01:00,1
41.47,31,60953.93,219.79,Secured scalable Graphical User Interface,Port Brookeland,0,Martinique,2016-06-07 15:56:00,1
56.3,49,67430.96,135.24,Fully-configurable high-level implementation,South Meghan,1,New Caledonia,2016-03-02 19:12:00,1
38.94,41,57587.0,142.67,Optional mission-critical functionalities,Lewismouth,1,Falkland Islands (Malvinas),2016-07-15 09:08:00,1
36.31,47,57983.3,168.92,Reverse-engineered well-modulated capability,East Yvonnechester,0,Eritrea,2016-04-18 00:49:00,1
72.23,48,52736.33,115.35,Integrated coherent pricing structure,Burgessside,0,Mexico,2016-07-17 01:13:00,1
61.09,26,55336.18,131.68,User-friendly well-modulated leverage,East Kevinbury,1,Falkland Islands (Malvinas),2016-09-04 16:31:00,1
37.87,52,56394.82,188.56,Phased analyzing emulation,Robertsonburgh,1,Gambia,2016-05-25 20:10:00,1
60.91,19,53309.61,184.94,Upgradable directional system engine,Port Kathleenfort,0,Nauru,2016-09-06 14:24:00,1
74.87,52,43698.53,126.97,Public-key non-volatile implementation,Charlenetown,0,Saint Barthelemy,2016-05-31 02:17:00,1
37.45,47,31281.01,167.86,Horizontal high-level concept,South Johnnymouth,0,Antigua and Barbuda,2016-10-04 03:30:00,1
49.84,39,45800.48,111.59,Reduced multimedia project,Hannaport,0,Samoa,2016-09-02 07:21:00,1
51.38,59,42362.49,158.56,Object-based modular functionalities,East Anthony,0,Afghanistan,2016-06-17 17:11:00,1
38.91,33,56369.74,150.8,Versatile reciprocal structure,Morrismouth,1,Philippines,2016-07-13 07:41:00,1
62.14,41,59397.89,110.93,Upgradable multi-tasking initiative,North Andrewstad,1,Angola,2016-01-23 18:59:00,1
73.3,36,68211.35,135.72,Adaptive asynchronous attitude,West Tanya,1,Hungary,2016-01-30 04:38:00,1
71.9,54,61228.96,140.15,Inverse zero tolerance customer loyalty,Timothymouth,1,Czech Republic,2016-04-22 20:32:00,1
58.6,50,45400.5,113.7,Organic asynchronous hierarchy,Rogerburgh,0,Samoa,2016-01-28 07:10:00,1
36.08,45,41417.27,151.47,Automated client-driven orchestration,Davidside,1,United States Minor Outlying Islands,2016-03-07 04:11:00,1
41.73,47,60812.77,144.71,Proactive client-server productivity,Andersonchester,0,Cote d'Ivoire,2016-08-04 22:48:00,1
69.2,42,26023.99,123.8,Balanced value-added database,Meyersstad,0,Peru,2016-06-17 09:58:00,1
67.56,31,62318.38,125.45,Seamless composite budgetary management,Michelleside,0,Kenya,2016-04-25 21:15:00,1
43.63,41,51662.24,123.25,Exclusive zero tolerance frame,Jordanshire,1,Albania,2016-03-15 14:06:00,1
49.67,27,28019.09,153.69,Face-to-face reciprocal methodology,Port Brian,0,Zimbabwe,2016-09-05 08:44:00,1
44.46,42,30487.48,132.66,Intuitive zero-defect framework,Christinehaven,1,Mongolia,2016-01-15 19:40:00,1
63.88,38,19991.72,136.85,Upgradable even-keeled hardware,Kristintown,0,Madagascar,2016-02-29 23:56:00,1
66.99,47,27262.51,124.44,Operative actuating installation,Lopezberg,1,Tanzania,2016-06-15 11:56:00,1
42.05,51,28357.27,174.55,Configurable 24/7 hub,West Eduardotown,1,Canada,2016-06-20 14:20:00,1
50.52,28,66929.03,219.69,Versatile responsive knowledge user,Davisfurt,0,Saint Kitts and Nevis,2016-03-04 06:17:00,1
35.98,47,55993.68,165.52,Focused 3rdgeneration pricing structure,West Jane,1,El Salvador,2016-10-03 23:26:00,1
39.34,43,31215.88,148.93,Proactive radical support,Alvaradoport,0,Bangladesh,2016-04-17 21:39:00,1
57.24,52,46473.14,117.35,Profound optimizing utilization,Richardsonland,1,Latvia,2016-06-29 21:39:00,1
56.34,50,68713.7,139.02,Multi-channeled mission-critical success,Port Michealburgh,1,Anguilla,2016-03-17 23:39:00,1
48.73,27,34191.23,142.04,Versatile content-based protocol,Monicaview,0,Bangladesh,2016-09-07 16:23:00,1
51.68,49,51067.54,258.62,Seamless cohesive conglomeration,Katieport,0,Faroe Islands,2016-06-28 12:51:00,1
35.34,45,46693.76,152.86,De-engineered actuating hierarchy,East Brittanyville,0,Taiwan,2016-06-18 16:32:00,1
48.09,33,19345.36,180.42,Balanced motivating help-desk,West Travismouth,0,Heard Island and McDonald Islands,2016-05-28 12:38:00,1
56.99,40,37713.23,108.15,Sharable optimal capacity,Brownton,0,Bahamas,2016-07-16 23:08:00,1
41.18,43,41866.55,129.25,Enterprise-wide incremental Internet solution,New Denisebury,1,Myanmar,2016-05-07 00:54:00,1
71.03,32,57846.68,120.85,Advanced systemic productivity,Keithtown,0,Netherlands Antilles,2016-02-17 23:47:00,1
34.3,41,53167.68,160.74,Re-contextualized reciprocal interface,West Melaniefurt,1,Libyan Arab Jamahiriya,2016-05-16 14:50:00,1
53.38,35,60803.37,120.06,Total local synergy,Alexanderview,1,French Guiana,2016-03-30 01:05:00,1
58.03,31,28387.42,129.33,User-friendly bandwidth-monitored attitude,South Jade,0,Tuvalu,2016-06-29 09:04:00,1
43.59,36,58849.77,132.31,Re-engineered context-sensitive knowledge user,Lake Susan,1,Congo,2016-05-26 13:43:00,1
60.07,42,65963.37,120.75,Total user-facing hierarchy,South Vincentchester,1,United Kingdom,2016-04-15 10:16:00,1
54.43,37,75180.2,154.74,Balanced contextually-based pricing structure,Williamsmouth,1,Luxembourg,2016-05-31 09:06:00,1
60.53,29,56759.48,123.28,Networked even-keeled workforce,Williamsport,0,Papua New Guinea,2016-09-05 10:21:00,1
69.58,43,28028.74,255.07,Cross-group value-added success,Port Katelynview,0,Congo,2016-04-04 18:36:00,1
56.66,42,72684.44,139.42,Upgradable asymmetric emulation,Lake Jesus,0,Dominican Republic,2016-02-20 10:52:00,1
57.64,36,37212.54,110.25,Robust web-enabled attitude,North Maryland,1,Chile,2016-01-18 15:18:00,1
46.04,32,65499.93,147.92,Universal transitional Graphical User Interface,Andrewborough,0,Serbia,2016-05-30 20:07:00,1
36.44,39,52400.88,147.64,Configurable disintermediate throughput,Port Patrickton,1,Estonia,2016-05-31 06:21:00,1
53.14,38,49111.47,109.0,Automated web-enabled migration,West Julia,1,Greenland,2016-03-07 22:13:00,1
32.84,40,41232.89,171.72,Triple-buffered 3rdgeneration migration,New Keithburgh,0,Trinidad and Tobago,2016-10-03 01:36:00,1
38.1,34,60641.09,214.38,Optional secondary access,North Aaronchester,1,Philippines,2016-05-30 18:08:00,1
51.87,50,51869.87,119.65,Team-oriented dynamic forecast,Kevinberg,0,Afghanistan,2016-10-03 22:28:00,1
43.41,28,59144.02,160.73,Customer-focused zero-defect process improvement,Lovemouth,0,Egypt,2016-05-02 15:26:00,1
55.92,24,33951.63,145.08,Focused systemic benchmark,Taylorhaven,0,Fiji,2016-05-31 21:41:00,1
82.12,52,28679.93,201.15,Fully-configurable client-driven customer loyalty,East Dana,1,Germany,2016-03-02 10:40:00,1
43.01,35,48347.64,127.37,Organized 24/7 middleware,Butlerfort,0,United States of America,2016-11-06 09:37:00,1
64.88,42,70005.51,129.8,Customizable systematic service-desk,West Chloeborough,1,Equatorial Guinea,2016-02-14 22:23:00,1
48.03,40,25598.75,134.6,Networked stable array,East Lindsey,1,Malta,2016-02-06 22:16:00,1
32.99,45,49282.87,177.46,Phased full-range hardware,Masseyshire,0,Ecuador,2016-04-30 19:42:00,1
36.49,52,42136.33,196.61,Object-based system-worthy superstructure,Ryanhaven,1,Lao People's Democratic Republic,2016-09-03 00:41:00,1
45.7,33,67384.31,151.12,Self-enabling multimedia system engine,New Williammouth,1,Switzerland,2016-05-26 10:33:00,1
82.38,35,25603.93,159.6,Polarized analyzing intranet,Port Blake,0,Spain,2016-07-18 01:36:00,1
52.68,23,39616.0,149.2,Vision-oriented attitude-oriented Internet solution,West Richard,1,Turks and Caicos Islands,2016-07-16 05:56:00,1
65.59,47,28265.81,121.81,Digitized disintermediate ability,Brandymouth,0,Indonesia,2016-03-22 06:41:00,1
43.84,36,70592.81,167.42,Public-key real-time definition,Port Jessica,0,Australia,2016-06-28 09:19:00,1
47.48,31,29359.2,141.34,Reverse-engineered 24hour hardware,Yuton,0,Eritrea,2016-06-30 00:19:00,1
44.96,50,52802.0,132.71,Focused fresh-thinking Graphic Interface,South Peter,1,Heard Island and McDonald Islands,2016-02-01 12:25:00,1
39.56,41,59243.46,143.13,Ameliorated exuding solution,Port Mitchell,1,Western Sahara,2016-05-13 11:57:00,1
39.76,28,35350.55,196.83,Integrated maximized service-desk,Pottermouth,1,Liberia,2016-08-02 14:02:00,1
50.6,30,34191.13,129.88,Realigned reciprocal framework,New Daniellefort,1,United States of America,2016-03-05 12:57:00,1
46.2,37,51315.38,119.3,Distributed maximized ability,Welchshire,0,Belgium,2016-03-04 11:38:00,1
66.88,35,62790.96,119.47,Polarized bifurcated array,Russellville,1,Indonesia,2016-03-23 19:58:00,1
35.49,48,43974.49,159.77,Fully-configurable holistic throughput,Timothyport,0,American Samoa,2016-08-04 14:35:00,1
50.19,40,33987.27,117.3,Progressive uniform budgetary management,Lake Stephenborough,0,Thailand,2016-03-25 19:02:00,1
59.12,33,28210.03,124.54,Synergistic stable infrastructure,Silvaton,0,Greece,2016-12-05 21:32:00,1
59.7,28,49158.5,120.25,Expanded zero administration attitude,Florestown,0,Guernsey,2016-10-05 14:12:00,1
67.8,30,39809.69,117.75,Team-oriented 6thgeneration extranet,New Jay,1,Isle of Man,2016-03-03 02:59:00,1
41.7,39,42898.21,126.95,Innovative regional structure,Jensenton,0,China,2016-05-27 05:35:00,1
58.35,37,70232.95,132.63,Universal asymmetric workforce,Rivasland,0,Macao,2016-12-06 21:21:00,1
51.56,46,63102.19,124.85,Business-focused client-driven forecast,Helenborough,0,Australia,2016-07-01 13:58:00,1
58.21,37,47575.44,105.94,Open-source global strategy,Pattymouth,0,Djibouti,2016-07-02 17:06:00,1
66.12,49,39031.89,113.8,Stand-alone motivating moratorium,South Alexisborough,0,Cote d'Ivoire,2016-02-15 07:27:00,1
49.99,41,61068.26,121.07,Profound bottom-line standardization,New Charleschester,0,Romania,2016-03-24 09:34:00,1
80.3,58,49090.51,173.43,Managed client-server access,East Breannafurt,0,Cayman Islands,2016-04-04 20:01:00,1
57.86,30,18819.34,166.86,Horizontal modular success,Estesfurt,0,Algeria,2016-08-07 17:14:00,1
59.13,44,49525.37,106.04,Upgradable heuristic system engine,South Lisa,1,Turkey,2016-09-06 17:11:00,1
42.94,37,56681.65,130.4,Synergistic dynamic orchestration,Rebeccamouth,1,Moldova,2016-12-04 12:35:00,1
82.79,34,47997.75,132.08,Team-oriented zero-defect initiative,South Aaron,0,American Samoa,2016-01-02 00:52:00,1
59.22,55,39131.53,126.39,Polarized 5thgeneration matrix,North Andrew,1,Honduras,2016-01-13 02:39:00,1
35.0,40,46033.73,151.25,Fully-configurable context-sensitive Graphic Interface,South Walter,1,Mongolia,2016-06-18 16:02:00,1
46.61,42,65856.74,136.18,Progressive intermediate throughput,Catherinefort,0,Ethiopia,2016-01-01 20:17:00,1
63.26,29,54787.37,120.46,Customizable holistic archive,East Donna,1,Ethiopia,2016-02-03 04:02:00,1
67.94,43,68447.17,128.16,Assimilated next generation firmware,North Kimberly,0,Morocco,2016-01-05 00:23:00,1
43.65,39,63649.04,138.87,Business-focused background synergy,North Aaronburgh,0,Western Sahara,2016-08-05 22:24:00,1
46.61,52,27241.11,156.99,Ergonomic methodical encoding,Danielview,0,New Zealand,2016-05-04 05:54:00,1
65.1,49,59457.52,118.1,Up-sized real-time methodology,West Kevinfurt,1,Bulgaria,2016-01-06 03:44:00,1
53.44,42,42907.89,108.17,Up-sized next generation architecture,Lake Jennifer,1,Libyan Arab Jamahiriya,2016-04-04 22:00:00,1
63.8,38,36037.33,108.7,Adaptive demand-driven knowledgebase,Colebury,1,Tuvalu,2016-03-19 00:27:00,1
42.6,55,55121.65,168.29,Switchable analyzing encryption,Lake Ian,0,Cambodia,2016-11-07 18:12:00,1
56.39,58,32252.38,154.23,Programmable uniform website,West Shannon,0,Australia,2016-02-14 10:06:00,1
44.73,35,55316.97,127.56,Object-based neutral policy,North Lauraland,1,Guam,2016-01-27 18:25:00,1
38.35,33,47447.89,145.48,Horizontal global leverage,Port Christopher,1,Christmas Island,2016-06-16 20:24:00,1
56.2,49,53549.94,114.85,Adaptive uniform capability,East Georgeside,1,Bahamas,2016-04-21 18:31:00,1
67.69,44,37345.34,109.22,Fundamental methodical support,South Jackieberg,0,Guam,2016-01-04 01:57:00,1
38.35,41,34886.01,144.69,Synergistic reciprocal attitude,Loriville,1,Vanuatu,2016-06-24 08:42:00,1
64.75,36,63001.03,117.66,Multi-tiered stable leverage,North Sarashire,0,Venezuela,2016-06-04 01:19:00,1
47.9,42,48467.68,114.53,Cross-group human-resource time-frame,East Jessefort,0,United Kingdom,2016-02-24 19:08:00,1
50.32,40,27964.6,125.65,Realigned intangible benchmark,Rochabury,0,Yemen,2016-04-27 18:25:00,1
74.59,23,40135.06,158.35,Phased clear-thinking encoding,Lake Gerald,1,United States Virgin Islands,2016-02-15 16:52:00,1
46.66,45,49101.67,118.16,Grass-roots mission-critical emulation,Wrightview,0,Antigua and Barbuda,2016-09-03 02:07:00,1
48.86,54,53188.69,134.46,Proactive encompassing paradigm,Perryburgh,0,French Guiana,2016-09-01 17:33:00,1
37.05,39,49742.83,142.81,Automated object-oriented firmware,Tracyhaven,1,Antigua and Barbuda,2016-03-02 05:47:00,1
69.15,46,36424.94,112.72,Automated multi-state toolset,Richardsonshire,0,Cyprus,2016-07-24 00:22:00,1
65.72,36,28275.48,120.12,Managed didactic flexibility,Kimberlymouth,0,Saint Pierre and Miquelon,2016-02-13 13:57:00,1
40.04,27,48098.86,161.58,Cross-platform neutral system engine,Meghanchester,0,Poland,2016-08-05 10:25:00,1
68.6,33,68448.94,135.08,Focused high-level frame,Tammyshire,0,Taiwan,2016-02-17 18:50:00,1
56.16,25,66429.84,164.25,Seamless motivating approach,Millerbury,1,Cote d'Ivoire,2016-01-22 19:43:00,1
43.83,45,35684.82,129.01,Total human-resource flexibility,Greerport,0,Saudi Arabia,2016-01-29 05:39:00,1
39.86,28,51171.23,161.24,Ergonomic zero tolerance encoding,East Sharon,0,Ghana,2016-02-23 13:55:00,1
66.77,25,58847.07,141.13,Cross-platform zero-defect structure,Johnstonmouth,0,Iran,2016-09-07 11:18:00,1
57.2,42,57739.03,110.66,Innovative maximized groupware,East Heatherside,0,New Zealand,2016-03-19 11:09:00,1
49.84,38,67781.31,135.24,Phased hybrid superstructure,Jenniferhaven,1,United Arab Emirates,2016-05-18 03:19:00,1
43.97,36,68863.95,156.97,User-friendly grid-enabled analyzer,Boyerberg,1,Indonesia,2016-01-30 09:54:00,1
38.63,48,57777.11,222.11,Cross-platform logistical pricing structure,Chapmanmouth,0,Papua New Guinea,2016-07-04 10:51:00,1
84.0,48,46868.53,136.21,Inverse discrete extranet,Robertside,1,Kyrgyz Republic,2016-04-17 05:08:00,1
52.13,50,40926.93,118.27,Open-source even-keeled database,West Raymondmouth,1,Ethiopia,2016-01-28 17:03:00,1
71.83,40,22205.74,135.48,Diverse background ability,Costaburgh,1,Rwanda,2016-02-18 22:42:00,1
50.18,35,63006.14,127.82,Customizable hybrid system engine,Sandrashire,1,Grenada,2016-06-20 04:24:00,1
64.67,51,24316.61,138.35,Horizontal incremental website,Andersonfurt,1,Togo,2016-02-14 16:33:00,1
62.06,40,63493.6,116.27,Digitized radical array,East Rachaelfurt,1,Jersey,2016-03-16 20:10:00,1
84.29,30,56984.09,160.33,Team-oriented transitional methodology,Lake Johnbury,1,Cayman Islands,2016-06-26 02:06:00,1
32.91,37,51691.55,181.02,Future-proofed fresh-thinking conglomeration,Elizabethstad,0,South Africa,2016-07-17 14:26:00,1
39.5,31,49911.25,148.19,Operative multi-tasking Graphic Interface,West Brad,1,Micronesia,2016-01-28 16:42:00,1
40.01,53,51463.17,161.77,Sharable multimedia conglomeration,East Brettton,0,Ecuador,2016-01-03 22:06:00,1
52.7,41,41059.64,109.34,Team-oriented high-level orchestration,New Matthew,1,Zambia,2016-01-31 08:50:00,1
35.55,39,51593.46,151.18,Robust object-oriented Graphic Interface,Westshire,0,Micronesia,2016-01-13 20:38:00,1
60.23,60,46239.14,151.54,Seamless optimal contingency,Port Brenda,1,Saudi Arabia,2016-07-15 15:43:00,1
67.91,23,55002.05,146.8,Re-engineered non-volatile neural-net,Hubbardmouth,1,Latvia,2016-12-01 03:28:00,1
41.16,49,59448.44,150.83,Configurable interactive contingency,Hendrixmouth,1,Venezuela,2016-03-28 09:15:00,1
53.54,39,47314.45,108.03,Optimized systemic capability,Julietown,0,Palau,2016-06-23 11:05:00,1
40.19,37,55358.88,136.99,Right-sized system-worthy project,Adamsbury,0,France,2016-01-18 02:51:00,1
58.95,55,56242.7,131.29,Proactive actuating Graphical User Interface,East Maureen,1,Slovenia,2016-06-20 08:34:00,1
35.76,51,45522.44,195.07,Versatile optimizing projection,North Angelastad,0,Peru,2016-07-18 04:53:00,1
59.36,49,46931.03,110.84,Universal multi-state system engine,Amandafort,0,Belarus,2016-01-07 01:12:00,1
61.04,41,75805.12,149.21,Operative didactic Local Area Network,Ronaldport,0,Benin,2016-02-05 15:31:00,1
64.63,45,15598.29,158.8,Triple-buffered high-level Internet solution,Isaacborough,1,Azerbaijan,2016-12-06 03:11:00,1
46.14,28,39723.97,137.97,Seamless bandwidth-monitored knowledge user,Markhaven,1,Ethiopia,2016-04-04 13:56:00,1
44.33,41,43386.07,120.63,Ergonomic empowering frame,Estradashire,0,Guyana,2016-01-14 09:27:00,1
46.43,28,53922.43,137.2,Reverse-engineered background Graphic Interface,Brianland,1,Ethiopia,2016-04-25 03:18:00,1
52.84,43,28495.21,122.31,Multi-tiered mobile encoding,Hobbsbury,0,Senegal,2016-07-16 10:14:00,1
42.04,49,67323.0,182.11,Organic logistical adapter,New Christinatown,0,Qatar,2016-03-02 16:54:00,1
46.28,26,50055.33,228.78,Stand-alone eco-centric system engine,Jacksonstad,1,Andorra,2016-04-18 21:07:00,1
48.26,50,43573.66,122.45,User-centric intermediate knowledge user,South Margaret,1,Liechtenstein,2016-06-18 22:31:00,1
71.03,55,28186.65,150.77,Programmable didactic capacity,Port Georgebury,0,China,2016-12-03 07:18:00,1
58.05,32,15879.1,195.54,Total asynchronous architecture,Sanderstown,1,Tajikistan,2016-12-02 10:39:00,1
52.56,31,33147.19,250.36,Integrated interactive support,New Karenberg,1,Israel,2016-04-24 01:48:00,1
62.18,33,65899.68,126.44,Reactive impactful challenge,West Leahton,0,Hungary,2016-05-20 00:00:00,1
66.08,61,58966.22,184.23,Synchronized multi-tasking ability,Klineside,1,Cuba,2016-07-01 23:02:00,1
49.96,55,60968.62,151.94,Multi-layered user-facing parallelism,South Cynthiashire,1,Zambia,2016-04-04 00:02:00,1
39.36,29,52462.04,161.79,Mandatory disintermediate info-mediaries,Jeremybury,1,Bahamas,2016-01-14 20:58:00,1
47.23,38,70582.55,149.8,Implemented context-sensitive Local Area Network,Blevinstown,1,Tokelau,2016-06-22 05:22:00,1
65.57,46,23410.75,130.86,Implemented asynchronous application,Reginamouth,0,Belgium,2016-04-15 15:07:00,1
44.15,28,48867.67,141.96,Proactive secondary monitoring,Salazarbury,1,Martinique,2016-01-22 15:03:00,1
43.57,36,50971.73,125.2,Front-line upward-trending groupware,Lake Joshuafurt,1,French Polynesia,2016-06-25 17:33:00,1
42.06,34,43241.19,131.55,Multi-layered secondary software,Jamesmouth,0,Puerto Rico,2016-06-29 02:48:00,1
66.26,47,14548.06,179.04,Optional full-range projection,Matthewtown,1,Lebanon,2016-04-25 19:31:00,1
65.15,29,41335.84,117.3,Expanded value-added emulation,Brandonbury,0,Hong Kong,2016-07-14 22:43:00,1
39.19,54,52581.16,173.05,Stand-alone empowering benchmark,Leahside,0,Guatemala,2016-01-23 21:15:00,1
69.77,54,57667.99,132.27,Face-to-face dedicated flexibility,Port Sherrystad,0,Malta,2016-01-06 03:17:00,1
87.27,30,51824.01,204.27,Fully-configurable 5thgeneration circuit,West Melissashire,1,Christmas Island,2016-06-03 06:51:00,1
71.33,23,31072.44,169.4,Optimized attitude-oriented initiative,Josephmouth,0,Japan,2016-03-15 06:54:00,1
46.89,48,72553.94,176.78,Polarized mission-critical structure,Chaseshire,1,Turkey,2016-07-17 13:22:00,1
77.8,57,43708.88,152.94,Virtual executive implementation,Destinyfurt,0,Namibia,2016-02-14 14:38:00,1
45.44,43,48453.55,119.27,Enhanced intermediate standardization,Mezaton,0,China,2016-04-05 05:01:00,1
49.42,53,45465.25,128.0,Ameliorated well-modulated complexity,Jacquelineshire,1,Congo,2016-07-07 18:07:00,1
49.19,38,61004.51,123.08,Versatile solution-oriented secured line,North Mark,0,Hungary,2016-12-05 12:11:00,1
39.96,35,53898.89,138.52,Phased leadingedge budgetary management,Kingchester,1,Pitcairn Islands,2016-02-28 23:21:00,1
67.59,45,58677.69,113.69,User-centric solution-oriented emulation,Brittanyborough,0,Monaco,2016-07-23 05:21:00,1
43.07,36,60583.02,137.63,Monitored zero administration collaboration,East Ericport,1,Turkey,2016-11-02 20:45:00,1
39.47,43,65576.05,163.48,Team-oriented systematic installation,Crawfordfurt,1,Uganda,2016-06-07 23:09:00,1
44.11,41,43111.41,121.24,Organic next generation matrix,Lake David,1,Saint Vincent and the Grenadines,2016-04-20 16:49:00,1
56.57,26,56435.6,131.98,Multi-channeled non-volatile website,West Ericaport,0,Senegal,2016-01-23 13:14:00,1
71.23,52,41521.28,122.59,Self-enabling zero administration neural-net,Ericksonmouth,0,Sweden,2016-05-01 11:53:00,1
47.23,43,73538.09,210.87,Optimized upward-trending productivity,Yangside,1,Svalbard & Jan Mayen Islands,2016-03-17 22:24:00,1
43.63,38,61757.12,135.25,Quality-focused maximized extranet,Frankport,1,Korea,2016-05-25 19:45:00,1
62.12,37,50671.6,105.86,Re-engineered intangible software,Johnsonview,1,Liechtenstein,2016-03-18 13:00:00,1
67.35,29,47510.42,118.69,Sharable secondary Graphical User Interface,East Heidi,0,Zimbabwe,2016-04-28 21:58:00,1
57.99,50,62466.1,124.58,Innovative homogeneous alliance,New Angelview,0,Costa Rica,2016-12-02 08:46:00,1
66.8,29,59683.16,248.51,Diverse leadingedge website,Lake Brandonview,0,Hungary,2016-11-07 13:23:00,1
49.13,32,41097.17,120.49,Optimized intermediate help-desk,Morganport,0,Fiji,2016-01-29 00:45:00,1
45.11,58,39799.73,195.69,Sharable reciprocal project,Browntown,0,Netherlands,2016-05-01 16:26:00,1
61.82,59,57877.15,151.93,Open-architected needs-based customer loyalty,Olsonside,1,Barbados,2016-06-02 17:48:00,1
56.93,37,57887.64,111.8,Reactive demand-driven strategy,Bradleyside,0,Sierra Leone,2016-10-06 00:35:00,1
48.86,35,62463.7,128.37,Universal empowering adapter,Elizabethbury,1,Saint Martin,2016-04-01 00:44:00,1
36.56,29,42838.29,195.89,Team-oriented bi-directional secured line,West Ryan,0,Uganda,2016-01-01 15:14:00,1
85.73,32,43778.88,147.75,Stand-alone radical throughput,New Tammy,1,Saudi Arabia,2016-10-07 17:24:00,1
53.63,54,50333.72,126.29,Front-line zero-defect array,Vanessaview,1,Liberia,2016-08-01 18:13:00,1
52.35,25,33293.78,147.61,Mandatory 4thgeneration structure,Jessicashire,1,Mali,2016-05-06 07:54:00,1
52.84,51,38641.2,121.57,Synergistic asynchronous superstructure,Melissachester,1,Bosnia and Herzegovina,2016-06-29 10:50:00,1
51.58,33,49822.78,115.91,Vision-oriented system-worthy forecast,Johnsontown,0,Brunei Darussalam,2016-04-24 13:46:00,1
42.32,29,63891.29,187.09,Digitized radical architecture,New Joshuaport,1,South Georgia and the South Sandwich Islands,2016-02-14 04:14:00,1
55.04,42,43881.73,106.96,Quality-focused optimizing parallelism,Hernandezside,1,Czech Republic,2016-06-15 05:43:00,1
68.58,41,13996.5,171.54,Exclusive discrete firmware,New Williamville,1,El Salvador,2016-06-07 12:04:00,1
66.79,60,60575.99,198.3,Decentralized client-driven data-warehouse,Shelbyport,1,Burkina Faso,2016-07-04 20:34:00,1
32.6,45,48206.04,185.47,Multi-tiered interactive neural-net,New Henry,0,Mayotte,2016-02-05 18:37:00,1
43.88,54,31523.09,166.85,Enhanced methodical database,Dustinmouth,1,Somalia,2016-04-06 17:24:00,1
56.46,26,66187.58,151.63,Ameliorated leadingedge help-desk,South Lisa,0,Albania,2016-07-04 18:52:00,1
52.67,44,14775.5,191.26,Persevering 5thgeneration knowledge user,New Hollyberg,0,Jersey,2016-05-19 06:37:00,1
67.85,41,78520.99,202.7,Reactive tangible contingency,East Ronald,1,Saint Helena,2016-01-21 22:51:00,1
75.55,36,31998.72,123.71,Decentralized attitude-oriented interface,South Davidmouth,1,Bosnia and Herzegovina,2016-12-03 06:05:00,1
35.21,39,52340.1,154.0,Advanced disintermediate data-warehouse,New Timothy,1,United States Minor Outlying Islands,2016-03-25 06:36:00,1
36.37,40,47338.94,144.53,Quality-focused zero-defect data-warehouse,North Jessicaville,1,Kiribati,2016-04-22 00:28:00,1
59.96,33,77143.61,197.66,Expanded modular application,Staceyfort,0,Samoa,2016-01-14 08:27:00,1
40.88,33,48554.45,136.18,Networked non-volatile synergy,West Shannon,1,Costa Rica,2016-05-31 17:50:00,1
36.98,31,39552.49,167.87,Fully-configurable clear-thinking throughput,Micheletown,1,Northern Mariana Islands,2016-03-17 06:25:00,1
35.49,47,36884.23,170.04,Front-line actuating functionalities,North Brittanyburgh,0,Liechtenstein,2016-04-13 07:07:00,1
36.62,32,51119.93,162.44,Customer-focused solution-oriented software,New Sabrina,1,Poland,2016-02-02 19:59:00,1
49.35,49,44304.13,119.86,Inverse stable synergy,Lake Charlottestad,0,Kenya,2016-07-04 20:38:00,1
56.64,29,55984.89,123.24,Versatile 6thgeneration parallelism,Lake John,1,Zimbabwe,2016-02-27 08:52:00,1
53.33,34,44275.13,111.63,Configurable impactful productivity,Courtneyfort,1,Andorra,2016-03-14 04:34:00,1
50.63,50,25767.16,142.23,Operative full-range forecast,Tammymouth,0,Luxembourg,2016-10-03 15:07:00,1
41.84,49,37605.11,139.32,Operative secondary functionalities,Lake Vanessa,0,Cyprus,2016-01-05 08:27:00,1
53.92,41,25739.09,125.46,Business-focused transitional solution,Lake Amanda,1,Turkey,2016-12-06 11:17:00,1
55.32,43,67682.32,127.65,Managed 24hour analyzer,Port Douglasborough,0,Netherlands,2016-03-18 09:08:00,1
53.22,44,44307.18,108.85,Horizontal client-server database,Port Aprilville,0,United States Virgin Islands,2016-05-26 06:03:00,1
43.16,35,25371.52,156.11,Implemented didactic support,Williamsport,1,Marshall Islands,2016-06-07 03:40:00,1
67.51,43,23942.61,127.2,Digitized homogeneous core,Lake Faith,0,Western Sahara,2016-04-29 14:10:00,1
43.16,29,50666.5,143.04,Robust holistic application,Wendyville,1,Saint Vincent and the Grenadines,2016-05-03 20:53:00,1
36.91,48,54645.2,159.69,Ameliorated coherent open architecture,North Samantha,0,Zimbabwe,2016-02-24 07:13:00,1
54.47,23,46780.09,141.52,Vision-oriented bifurcated contingency,Holderville,0,Chad,2016-03-26 19:37:00,1
57.51,38,47682.28,105.71,Re-engineered zero-defect open architecture,Jeffreymouth,0,Moldova,2016-03-31 08:53:00,1
73.21,30,51013.37,252.6,Networked logistical info-mediaries,Lake Jessicaville,1,Denmark,2016-12-05 20:57:00,1
43.49,45,47968.32,124.67,Synchronized full-range portal,Smithside,0,Vietnam,2016-06-14 12:08:00,1
66.69,35,48758.92,108.27,Integrated encompassing support,Vanessastad,0,Jersey,2016-11-05 19:13:00,1
48.46,49,61230.03,132.38,Devolved human-resource circuit,Lisamouth,1,Indonesia,2016-01-21 23:33:00,1
42.51,30,54755.71,144.77,Grass-roots transitional flexibility,Lake Rhondaburgh,1,Palestinian Territory,2016-01-15 19:45:00,1
42.83,34,54324.73,132.38,Vision-oriented methodical support,Cunninghamhaven,1,Latvia,2016-04-23 09:42:00,1
41.46,42,52177.4,128.98,Integrated impactful groupware,Robertstown,1,Malta,2016-05-23 08:06:00,1
45.99,33,51163.14,124.61,Face-to-face methodical intranet,South Mark,1,Afghanistan,2016-02-27 15:04:00,1
49.21,46,49206.4,115.6,Realigned 24/7 core,Carterland,0,Mexico,2016-02-28 03:34:00,1
55.77,49,55942.04,117.33,Fully-configurable high-level groupware,East Shawn,1,Chile,2016-03-15 14:33:00,1
44.13,40,33601.84,128.48,Ameliorated discrete extranet,West Derekmouth,1,Cuba,2016-03-03 20:20:00,1
57.82,46,48867.36,107.56,Centralized asynchronous portal,Brandiland,1,Belarus,2016-06-04 14:16:00,1
72.46,40,56683.32,113.53,Enhanced tertiary utilization,Cervantesshire,0,Malawi,2016-01-05 09:23:00,1
61.88,45,38260.89,108.18,Balanced disintermediate conglomeration,North Debrashire,0,Afghanistan,2016-05-30 08:02:00,1
44.16,42,61690.93,133.42,Innovative interactive portal,Port Dennis,1,Spain,2016-05-25 00:34:00,1
55.74,37,26130.93,124.34,Networked asymmetric infrastructure,Lake Michelle,1,Hong Kong,2016-11-02 16:45:00,1
59.05,52,50086.17,118.45,Upgradable logistical flexibility,Kristinfurt,1,Uganda,2016-04-23 03:46:00,1
35.11,35,47638.3,158.03,Extended analyzing emulation,North Jonathan,1,Anguilla,2016-11-03 13:07:00,1
60.39,45,38987.42,108.25,Front-line methodical utilization,Port Christina,1,Switzerland,2016-02-03 15:39:00,1
75.03,34,35764.49,255.57,Networked local secured line,East Mike,0,Uruguay,2016-05-29 18:12:00,1
50.87,24,62939.5,190.41,Programmable empowering orchestration,North Angelatown,0,Liberia,2016-10-05 17:13:00,1
37.65,51,50457.01,161.29,Automated stable help-desk,Davidview,1,Bahrain,2016-09-03 06:22:00,1
91.37,45,51920.49,182.65,Re-engineered composite moratorium,Lawsonshire,1,Kazakhstan,2016-01-04 07:37:00,1
39.53,33,40243.82,142.21,Intuitive transitional artificial intelligence,New Teresa,1,Central African Republic,2016-01-06 12:27:00,1
45.82,27,64410.8,171.24,Expanded full-range synergy,Adamside,1,Eritrea,2016-10-02 20:43:00,1
40.34,29,32549.95,173.75,Object-based motivating instruction set,Clarkborough,0,Tokelau,2016-03-30 05:29:00,1
67.39,44,51257.26,107.19,Realigned intermediate application,Josephberg,0,Armenia,2016-01-24 13:41:00,1
47.74,33,22456.04,154.93,Open-source 5thgeneration leverage,Henryland,1,Saint Lucia,2016-05-14 14:49:00,1
41.53,42,67575.12,158.81,Optional tangible productivity,South Jeanneport,0,Mayotte,2016-05-23 00:32:00,1
46.84,45,34903.67,123.22,Virtual homogeneous budgetary management,Jonesshire,0,Macao,2016-05-15 18:44:00,1
44.4,53,43073.78,140.95,Phased zero-defect portal,Mariahview,1,France,2016-06-30 00:43:00,1
52.17,44,57594.7,115.37,Optional modular throughput,New Julianberg,1,Equatorial Guinea,2016-02-24 06:17:00,1
54.08,36,53012.94,111.02,Innovative cohesive pricing structure,Philipberg,1,Mayotte,2016-02-06 04:14:00,1
54.39,20,52563.22,171.9,Digitized content-based circuit,Richardshire,1,Guadeloupe,2016-02-29 18:06:00,1
37.74,40,65773.49,190.95,Balanced uniform algorithm,Lake James,0,Denmark,2016-05-27 12:45:00,1
77.36,41,49597.08,115.79,Fully-configurable asynchronous firmware,Port Jennifer,0,El Salvador,2016-02-26 06:00:00,1
55.46,37,42078.89,108.1,Exclusive systematic algorithm,Chrismouth,0,Taiwan,2016-02-21 23:07:00,1
35.66,45,46197.59,151.72,Exclusive cohesive intranet,Port Beth,0,Peru,2016-04-29 14:08:00,1
50.78,51,49957.0,122.04,Vision-oriented asynchronous Internet solution,West David,0,Liberia,2016-11-02 17:02:00,1
40.47,38,24078.93,203.9,Sharable 5thgeneration access,Fraziershire,0,Burundi,2016-07-22 07:44:00,1
45.62,43,53647.81,121.28,Monitored homogeneous artificial intelligence,Robertfurt,0,Macao,2016-06-26 02:34:00,1
37.01,50,48826.14,216.01,Secured encompassing Graphical User Interface,Port Derekberg,0,San Marino,2016-03-20 02:44:00,1
56.91,50,21773.22,146.44,Team-oriented executive core,West Randy,0,Norfolk Island,2016-01-04 05:17:00,1
42.84,52,27073.27,182.2,Enhanced optimizing website,Lake Michellebury,1,Tunisia,2016-03-21 11:02:00,1
67.56,47,50628.31,109.98,Reduced background data-warehouse,Zacharyton,0,Paraguay,2016-12-02 05:20:00,1
34.96,42,36913.51,160.49,Right-sized mobile initiative,West James,1,Macedonia,2016-01-06 16:10:00,1
41.86,39,53041.77,128.62,Open-source stable paradigm,Hawkinsbury,1,Ethiopia,2016-03-26 15:28:00,1
34.04,34,40182.84,174.88,Reverse-engineered context-sensitive emulation,Elizabethport,1,El Salvador,2016-02-16 07:37:00,1
54.96,42,59419.78,113.75,Public-key disintermediate emulation,West Amanda,1,Niger,2016-02-28 09:31:00,1
55.71,37,57806.03,112.52,Upgradable 4thgeneration portal,Lake James,1,Korea,2016-06-03 23:26:00,1
45.48,49,53336.76,129.16,Networked client-server solution,Blairborough,1,Lao People's Democratic Republic,2016-05-19 04:23:00,1
47.0,56,50491.45,149.53,Public-key bi-directional Graphical User Interface,New Marcusbury,0,Bahamas,2016-04-29 20:40:00,1
59.64,51,71455.62,153.12,Re-contextualized human-resource success,Evansville,1,Guyana,2016-03-05 01:09:00,1
35.98,45,43241.88,150.79,Front-line fresh-thinking installation,Huffmanchester,0,Ethiopia,2016-06-27 21:51:00,1
82.49,45,38645.4,130.84,Assimilated multi-state paradigm,Williamsfort,0,Dominican Republic,2016-05-31 00:58:00,1
61.76,34,33553.9,114.69,Open-source local approach,Edwardsport,0,Jamaica,2016-05-27 08:53:00,1
63.3,38,63071.34,116.19,Polarized intangible encoding,Lake Evantown,0,Saint Barthelemy,2016-09-05 07:13:00,1
36.73,34,46737.34,149.79,Multi-lateral attitude-oriented adapter,South Henry,1,Albania,2016-06-27 01:56:00,1
63.18,45,39211.49,107.92,Reactive upward-trending migration,Hansenland,0,Georgia,2016-05-03 12:03:00,1
50.6,48,65956.71,135.67,Customer-focused fault-tolerant implementation,Port Michaelmouth,0,Brazil,2016-01-15 22:49:00,1
32.6,38,40159.2,190.05,Customizable homogeneous contingency,Tylerport,0,Syrian Arab Republic,2016-12-02 03:39:00,1
44.72,46,40468.53,123.86,Cross-group systemic customer loyalty,North Jenniferburgh,1,Grenada,2016-12-03 02:48:00,1
78.76,51,66980.27,162.05,Face-to-face modular budgetary management,South Davidhaven,0,Ghana,2016-07-23 04:04:00,1
79.51,39,34942.26,125.11,Proactive non-volatile encryption,North Charlesbury,1,Brunei Darussalam,2016-06-03 09:33:00,1
39.3,32,48335.2,145.73,Decentralized bottom-line help-desk,Jonathanland,0,Lithuania,2016-02-24 04:11:00,1
64.79,30,42251.59,116.07,Visionary mission-critical application,North Virginia,0,Maldives,2016-02-17 20:22:00,1
38.65,31,51812.71,154.77,Total even-keeled architecture,Port Jason,1,Iceland,2016-05-24 09:50:00,1
59.01,30,75265.96,178.75,Focused multimedia implementation,West Annefort,1,Philippines,2016-08-02 22:45:00,1
78.96,50,69868.48,193.15,Stand-alone well-modulated product,East Jason,0,Cayman Islands,2016-12-02 01:55:00,1
63.99,43,72802.42,138.46,Ameliorated bandwidth-monitored contingency,North Cassie,0,Haiti,2016-11-01 08:18:00,1
41.35,27,39193.45,162.46,Streamlined homogeneous analyzer,Hintonport,1,Colombia,2016-03-03 03:51:00,1
62.79,36,18368.57,231.87,Total coherent archive,New James,1,Luxembourg,2016-05-30 20:08:00,1
45.53,29,56129.89,141.58,Front-line neutral alliance,North Destiny,0,United Arab Emirates,2016-04-22 22:01:00,1
54.55,44,41547.62,109.04,Re-engineered optimal policy,West Gabriellamouth,0,Canada,2016-04-02 03:10:00,1
35.66,36,59240.24,172.57,Implemented uniform synergy,Alvarezland,0,Svalbard & Jan Mayen Islands,2016-02-21 20:09:00,1
56.78,28,39939.39,124.32,Mandatory empowering focus group,Melanieton,0,Senegal,2016-06-19 23:04:00,1
35.25,50,47051.02,194.44,Intuitive global website,Waltertown,0,Iran,2016-03-01 04:39:00,1
37.58,52,51600.47,176.7,Exclusive disintermediate Internet solution,Cameronberg,1,Bulgaria,2016-04-13 13:04:00,1
45.08,38,35349.26,125.27,Synergized clear-thinking protocol,Fosterside,0,Liberia,2016-03-27 08:32:00,1
63.04,27,69784.85,159.05,Triple-buffered multi-state complexity,Davidstad,0,Netherlands Antilles,2016-10-07 16:25:00,1
40.18,29,50760.23,151.96,Enhanced intangible portal,Lake Tracy,0,Hong Kong,2016-06-25 04:21:00,1
45.17,48,34418.09,132.07,Down-sized background groupware,Taylormouth,1,Palau,2016-01-27 14:41:00,1
50.48,50,20592.99,162.43,Switchable real-time product,Dianaville,0,Malawi,2016-05-16 18:51:00,1
41.88,40,44217.68,126.11,Streamlined exuding adapter,Port Rachel,1,Cyprus,2016-02-28 23:54:00,1
39.87,48,47929.83,139.34,Business-focused user-facing benchmark,South Rebecca,1,Mexico,2016-06-13 06:11:00,1
61.84,45,46024.29,105.63,Reactive bi-directional standardization,Port Joshuafort,1,Niger,2016-05-05 11:07:00,1
54.97,31,51900.03,116.38,Virtual bifurcated portal,Robinsontown,1,France,2016-07-07 12:17:00,1
67.26,57,25682.65,168.41,Focused incremental Graphic Interface,North Derekville,1,Bulgaria,2016-05-27 05:54:00,1
54.37,38,72196.29,140.77,Up-sized asymmetric firmware,Lake Matthew,0,Mexico,2016-06-25 18:17:00,1
72.88,44,64011.26,125.12,Customer-focused explicit challenge,Sarahland,0,Yemen,2016-04-21 19:56:00,1
63.37,43,43155.19,105.04,Open-architected full-range projection,Michaelshire,1,Poland,2016-03-23 12:53:00,1
35.79,44,33813.08,165.62,Enterprise-wide tangible model,North Katie,1,Tonga,2016-04-20 13:36:00,1
38.96,38,36497.22,140.67,Versatile mission-critical application,Mauricefurt,1,Comoros,2016-07-21 16:02:00,1
69.17,40,66193.81,123.62,Extended leadingedge solution,New Patrick,0,Montenegro,2016-06-03 11:36:00,1
43.7,28,63126.96,173.01,Front-line bifurcated ability,Nicholasland,0,Mayotte,2016-04-04 03:57:00,1
72.97,30,71384.57,208.58,Fundamental modular algorithm,Duffystad,1,Lebanon,2016-11-02 21:49:00,1
51.3,45,67782.17,134.42,Grass-roots cohesive monitoring,New Darlene,1,Bosnia and Herzegovina,2016-04-22 02:07:00,1
51.63,51,42415.72,120.37,Expanded intangible solution,South Jessica,1,Mongolia,2016-01-02 17:24:00,1
45.01,26,29875.8,178.35,Virtual 5thgeneration emulation,Ronniemouth,0,Brazil,2016-03-06 21:43:00,1
